{
	"format_version": "1.12.0",
	"minecraft:geometry": [
		{
			"description": {
				"identifier": "geometry.hazmat_suit_1",
				"texture_width": 128,
				"texture_height": 128,
				"visible_bounds_width": 3,
				"visible_bounds_height": 5,
				"visible_bounds_offset": [0, 0.5, 0]
			},
			"bones": [
				{
					"name": "bipedHead",
					"pivot": [0, -11, 0]
				},
				{
					"name": "armorHead",
					"parent": "bipedHead",
					"pivot": [0, 24, 0],
					"cubes": [
						{
							"origin": [-4.75, 24, -4.75],
							"size": [9.5, 9.75, 9.5],
							"uv": {
								"north": {"uv": [10, 29], "uv_size": [10, 10]},
								"east": {"uv": [0, 29], "uv_size": [10, 10]},
								"south": {"uv": [30, 29], "uv_size": [10, 10]},
								"west": {"uv": [20, 29], "uv_size": [10, 10]},
								"up": {"uv": [10, 19], "uv_size": [10, 10]},
								"down": {"uv": [20, 29], "uv_size": [10, -10]}
							}
						},
						{
							"origin": [-4.5, 24.25, -4.5],
							"size": [9, 9.25, 9],
							"inflate": 0.5,
							"uv": {
								"north": {"uv": [10, 9], "uv_size": [10, 10]},
								"east": {"uv": [0, 10], "uv_size": [10, 10]},
								"south": {"uv": [30, 10], "uv_size": [10, 10]},
								"west": {"uv": [20, 10], "uv_size": [10, 10]},
								"up": {"uv": [10, 0], "uv_size": [10, 10]},
								"down": {"uv": [20, 10], "uv_size": [10, -10]}
							}
						}
					]
				},
				{
					"name": "bipedBody",
					"pivot": [0, 24, 0]
				},
				{
					"name": "armorBody",
					"parent": "bipedBody",
					"pivot": [0, 24, 0]
				},
				{
					"name": "1body",
					"parent": "armorBody",
					"pivot": [0, 15, 0],
					"cubes": [
						{"origin": [-4.25, 14.75, -2.25], "size": [8.5, 9.5, 4.5], "uv": [0, 40]},
						{"origin": [-4.25, 14.75, -2.25], "size": [8.5, 9.5, 4.5], "inflate": 0.25, "uv": [40, 0]}
					]
				},
				{
					"name": "2body",
					"parent": "armorBody",
					"pivot": [0, 16, 0],
					"cubes": [
						{"origin": [-4.25, 11.75, -2.25], "size": [8.5, 4.5, 4.5], "inflate": -0.01, "uv": [40, 13]},
						{"origin": [-4.25, 11.75, -2.25], "size": [8.5, 4.5, 4.5], "inflate": 0.24, "uv": [40, 21]}
					]
				},
				{
					"name": "bipedRightArm",
					"pivot": [-4.9, 22, 0]
				},
				{
					"name": "armorRightArm",
					"parent": "bipedRightArm",
					"pivot": [-4.9, 22, 0]
				},
				{
					"name": "1ra",
					"parent": "armorRightArm",
					"pivot": [-4.4, 23, 0],
					"cubes": [
						{"origin": [-8.65, 17.75, -2.45], "size": [4.9, 6.5, 4.9], "uv": [56, 51]},
						{"origin": [-8.65, 17.75, -2.45], "size": [4.9, 6.5, 4.9], "inflate": 0.25, "uv": [56, 61]}
					]
				},
				{
					"name": "2ra",
					"parent": "1ra",
					"pivot": [-6.4, 19, 0],
					"cubes": [
						{"origin": [-8.65, 11.75, -2.45], "size": [4.9, 7.5, 4.9], "inflate": -0.01, "uv": [24, 40]},
						{"origin": [-8.65, 11.75, -2.45], "size": [4.9, 7.5, 4.9], "inflate": 0.24, "uv": [40, 29]}
					]
				},
				{
					"name": "bipedLeftArm",
					"pivot": [4.9, 22, 0]
				},
				{
					"name": "armorLeftArm",
					"parent": "bipedLeftArm",
					"pivot": [4.9, 22, 0]
				},
				{
					"name": "1la",
					"parent": "armorLeftArm",
					"pivot": [4.4, 23, 0],
					"cubes": [
						{"origin": [3.75, 17.75, -2.45], "size": [4.9, 6.5, 4.9], "uv": [16, 62]},
						{"origin": [3.75, 17.75, -2.45], "size": [4.9, 6.5, 4.9], "inflate": 0.25, "uv": [32, 62]}
					]
				},
				{
					"name": "2la",
					"parent": "1la",
					"pivot": [6.4, 19, 0],
					"cubes": [
						{"origin": [3.75, 11.75, -2.45], "size": [4.9, 7.5, 4.9], "inflate": 0.24, "uv": [40, 40]},
						{"origin": [3.75, 11.75, -2.45], "size": [4.9, 7.5, 4.9], "inflate": -0.01, "uv": [24, 51]}
					]
				},
				{
					"name": "bipedLeftLeg",
					"pivot": [2, 12, 0]
				},
				{
					"name": "armorLeftLeg",
					"parent": "bipedLeftLeg",
					"pivot": [2, 12, 0],
					"cubes": [
						{"origin": [-0.4, 4.75, -2.45], "size": [4.8, 7.5, 4.9], "uv": [64, 10]},
						{"origin": [-0.4, 5.75, -2.45], "size": [4.8, 6.5, 4.9], "inflate": 0.25, "uv": [48, 71]}
					]
				},
				{
					"name": "armorLeftBoot",
					"parent": "bipedLeftLeg",
					"pivot": [2, 12, 0],
					"cubes": [
						{"origin": [-0.4, -0.25, -2.45], "size": [4.8, 5.5, 4.9], "inflate": -0.01, "uv": [56, 31]},
						{"origin": [-0.4, -0.25, -2.45], "size": [4.8, 7.5, 4.9], "inflate": 0.24, "uv": [56, 40]}
					]
				},
				{
					"name": "bipedRightLeg",
					"pivot": [-2, 12, 0]
				},
				{
					"name": "armorRightLeg",
					"parent": "bipedRightLeg",
					"pivot": [-2, 12, 0],
					"cubes": [
						{"origin": [-4.4, 4.75, -2.45], "size": [4.8, 7.5, 4.9], "uv": [0, 64]},
						{"origin": [-4.4, 5.75, -2.45], "size": [4.8, 6.5, 4.9], "inflate": 0.25, "uv": [64, 0]}
					]
				},
				{
					"name": "armorRightBoot",
					"parent": "bipedRightLeg",
					"pivot": [-2, 12, 0],
					"cubes": [
						{"origin": [-4.4, -0.25, -2.45], "size": [4.8, 5.5, 4.9], "inflate": -0.01, "uv": [40, 53]},
						{"origin": [-4.4, -0.25, -2.45], "size": [4.8, 7.5, 4.9], "inflate": 0.24, "uv": [0, 53]}
					]
				}
			]
		}
	]
}