{
	"format_version": "1.21.6",
	"credit": "Made with Blockbench",
	"texture_size": [32, 32],
	"textures": {
		"0": "subvirus:item/uncertain_sword",
		"particle": "subvirus:item/uncertain_sword"
	},
	"elements": [
		{
			"from": [7, -2, 7],
			"to": [9, 5, 9],
			"rotation": {"angle": 0, "axis": "y", "origin": [7, -2, 7]},
			"faces": {
				"north": {"uv": [6, 0, 7, 3.5], "texture": "#0"},
				"east": {"uv": [6, 0, 7, 3.5], "texture": "#0"},
				"south": {"uv": [6, 0, 7, 3.5], "texture": "#0"},
				"west": {"uv": [6, 0, 7, 3.5], "texture": "#0"},
				"up": {"uv": [8, 8, 7, 7], "texture": "#0"},
				"down": {"uv": [8, 7, 7, 8], "texture": "#0"}
			}
		},
		{
			"from": [4, 5.5, 7],
			"to": [12, 7.5, 9],
			"rotation": {"angle": 0, "axis": "z", "origin": [8, 6.5, 8]},
			"faces": {
				"north": {"uv": [6, 0, 7, 3.5], "rotation": 270, "texture": "#0"},
				"east": {"uv": [8, 8, 7, 7], "rotation": 90, "texture": "#0"},
				"south": {"uv": [6, 0, 7, 3.5], "rotation": 90, "texture": "#0"},
				"west": {"uv": [8, 7, 7, 8], "rotation": 90, "texture": "#0"},
				"up": {"uv": [6, 0, 7, 3.5], "rotation": 90, "texture": "#0"},
				"down": {"uv": [6, 0, 7, 3.5], "rotation": 90, "texture": "#0"}
			}
		},
		{
			"from": [7.15, 24.45, 7.2],
			"to": [8.85, 26.15, 8.8],
			"rotation": {"angle": -45, "axis": "z", "origin": [8, 25.3, 8]},
			"faces": {
				"north": {"uv": [6, 2, 7, 3], "rotation": 270, "texture": "#0"},
				"east": {"uv": [7, 3, 6, 2], "rotation": 90, "texture": "#0"},
				"south": {"uv": [6, 2, 7, 3], "rotation": 90, "texture": "#0"},
				"west": {"uv": [7, 2, 6, 3], "rotation": 90, "texture": "#0"},
				"up": {"uv": [6, 2, 7, 3], "rotation": 90, "texture": "#0"},
				"down": {"uv": [6, 2, 7, 3], "rotation": 90, "texture": "#0"}
			}
		},
		{
			"from": [6, 7.5, 8],
			"to": [10, 25.5, 8],
			"rotation": {"angle": 0, "axis": "y", "origin": [7, 7.5, 7]},
			"faces": {
				"north": {"uv": [0, 0, 2, 9], "texture": "#0"},
				"east": {"uv": [0, 0, 0, 9], "texture": "#0"},
				"south": {"uv": [0, 0, 2, 9], "texture": "#0"},
				"west": {"uv": [0, 0, 0, 9], "texture": "#0"},
				"up": {"uv": [2, 0, 0, 0], "texture": "#0"},
				"down": {"uv": [2, 0, 0, 0], "texture": "#0"}
			}
		},
		{
			"from": [6, 4.75, 6.5],
			"to": [10, 8.75, 9.5],
			"rotation": {"angle": 45, "axis": "z", "origin": [8, 6.75, 8]},
			"faces": {
				"north": {"uv": [4, 0, 6, 2], "texture": "#0"},
				"east": {"uv": [7, 4, 9, 5.5], "rotation": 90, "texture": "#0"},
				"south": {"uv": [4, 0, 6, 2], "texture": "#0"},
				"west": {"uv": [7, 5.5, 9, 7], "rotation": 90, "texture": "#0"},
				"up": {"uv": [9, 5.5, 7, 4], "texture": "#0"},
				"down": {"uv": [9, 5.5, 7, 7], "texture": "#0"}
			}
		}
	],
	"display": {
		"thirdperson_righthand": {
			"rotation": [0, -90, 0],
			"translation": [0, 3.25, 0.5],
			"scale": [0.85, 0.85, 0.85]
		},
		"thirdperson_lefthand": {
			"rotation": [0, -90, 0],
			"translation": [0, 3.25, 0.5],
			"scale": [0.85, 0.85, 0.85]
		},
		"firstperson_righthand": {
			"rotation": [0, -90, 6],
			"translation": [1.13, 3.2, 1.38],
			"scale": [0.56, 0.68, 0.68]
		},
		"firstperson_lefthand": {
			"rotation": [0, -90, 6],
			"translation": [1.13, 3.7, 1.38],
			"scale": [0.56, 0.68, 0.68]
		},
		"ground": {
			"rotation": [0, 0, 45],
			"translation": [2.75, 2.25, 0],
			"scale": [0.51, 0.51, 0.51]
		},
		"gui": {
			"rotation": [0, 0, 45],
			"translation": [2, -2, 0],
			"scale": [0.72, 0.72, 0.72]
		},
		"head": {
			"rotation": [37.5, 2.39, -81.62],
			"translation": [-9, -1, 0.5],
			"scale": [1.38, 1.38, 1.38]
		}
	}
}