{
	"format_version": "1.21.6",
	"credit": "Made with Blockbench",
	"texture_size": [64, 64],
	"textures": {
		"0": "subvirus:item/uncertain_pickaxe",
		"particle": "subvirus:item/uncertain_pickaxe"
	},
	"elements": [
		{
			"from": [8, 9, -4],
			"to": [8, 21, 20],
			"rotation": {"angle": 0, "axis": "y", "origin": [8, 11, 8]},
			"faces": {
				"north": {"uv": [0, 0, 0, 3], "texture": "#0"},
				"east": {"uv": [0, 0, 6, 3], "texture": "#0"},
				"south": {"uv": [0, 0, 0, 3], "texture": "#0"},
				"west": {"uv": [0, 0, 6, 3], "texture": "#0"},
				"up": {"uv": [6, 0, 0, 0], "rotation": 90, "texture": "#0"},
				"down": {"uv": [6, 0, 0, 0], "rotation": 270, "texture": "#0"}
			}
		},
		{
			"from": [7, 0, 7],
			"to": [9, 14, 9],
			"rotation": {"angle": 0, "axis": "y", "origin": [8, 11, 8]},
			"faces": {
				"north": {"uv": [1, 6, 1.5, 9.5], "texture": "#0"},
				"east": {"uv": [0, 6, 0.5, 9.5], "texture": "#0"},
				"south": {"uv": [6, 0, 6.5, 3.5], "texture": "#0"},
				"west": {"uv": [0.5, 6, 1, 9.5], "texture": "#0"},
				"up": {"uv": [5.75, 6.5, 5.25, 6], "rotation": 90, "texture": "#0"},
				"down": {"uv": [6.5, 5.25, 6, 5.75], "rotation": 270, "texture": "#0"}
			}
		},
		{
			"from": [6.75, 11.82843, 8.82843],
			"to": [9.25, 15.82843, 12.82843],
			"rotation": {"angle": -45, "axis": "x", "origin": [8, 11, 8]},
			"faces": {
				"north": {"uv": [6, 4.5, 7, 5.25], "rotation": 90, "texture": "#0"},
				"east": {"uv": [1.5, 6, 2.5, 7], "texture": "#0"},
				"south": {"uv": [3.5, 7, 4.25, 6], "texture": "#0"},
				"west": {"uv": [1.5, 6, 2.5, 7], "rotation": 90, "texture": "#0"},
				"up": {"uv": [4.25, 7, 3.5, 6], "rotation": 180, "texture": "#0"},
				"down": {"uv": [7, 4.5, 6, 5.25], "rotation": 270, "texture": "#0"}
			}
		},
		{
			"from": [7.5, 5.40381, 14.42462],
			"to": [8.5, 7.40381, 16.42462],
			"rotation": {"angle": -45, "axis": "x", "origin": [8, 11, 8]},
			"faces": {
				"north": {"uv": [2.75, 6.5, 3, 6], "texture": "#0"},
				"east": {"uv": [3, 6.5, 2.5, 7], "rotation": 270, "texture": "#0"},
				"south": {"uv": [3, 7, 3.25, 6.5], "texture": "#0"},
				"west": {"uv": [2.5, 6.5, 3, 7], "rotation": 90, "texture": "#0"},
				"up": {"uv": [3, 6, 2.75, 6.5], "rotation": 180, "texture": "#0"},
				"down": {"uv": [3, 6.5, 3.25, 7], "texture": "#0"}
			}
		},
		{
			"from": [7.5, 17.42462, 2.40381],
			"to": [8.5, 19.42462, 4.40381],
			"rotation": {"angle": -45, "axis": "x", "origin": [8, 11, 8]},
			"faces": {
				"north": {"uv": [3, 6.5, 3.25, 7], "texture": "#0"},
				"east": {"uv": [2.5, 6.5, 3, 7], "texture": "#0"},
				"south": {"uv": [2.75, 6, 3, 6.5], "texture": "#0"},
				"west": {"uv": [2.5, 7, 3, 6.5], "rotation": 180, "texture": "#0"},
				"up": {"uv": [3.25, 7, 3, 6.5], "rotation": 180, "texture": "#0"},
				"down": {"uv": [2.75, 6.5, 3, 6], "texture": "#0"}
			}
		}
	],
	"display": {
		"thirdperson_righthand": {
			"translation": [0, 1.25, 0.75],
			"scale": [0.82, 0.82, 0.82]
		},
		"thirdperson_lefthand": {
			"translation": [0, 1.25, 0.75],
			"scale": [0.82, 0.82, 0.82]
		},
		"firstperson_righthand": {
			"rotation": [-7.25, 0, 0],
			"translation": [1.25, 1.25, 1],
			"scale": [0.73, 0.73, 0.73]
		},
		"firstperson_lefthand": {
			"rotation": [-7.25, 0, 0],
			"translation": [1.25, 1.25, 1],
			"scale": [0.73, 0.73, 0.73]
		},
		"ground": {
			"rotation": [45, 0, 0],
			"translation": [0, 1.5, 0],
			"scale": [0.4, 0.4, 0.4]
		},
		"gui": {
			"rotation": [90, 45, -90],
			"translation": [-1.75, -1.75, 0],
			"scale": [0.79, 0.79, 0.79]
		},
		"head": {
			"rotation": [17.25, 89.75, -180],
			"translation": [0, 0.5, -5.25],
			"scale": [0.75, 0.75, 0.75]
		},
		"fixed": {
			"rotation": [-90, 45, 90],
			"translation": [1.75, -1.5, 0]
		}
	}
}