{
  "carvers": [],
  "downfall": 0.9,
  "effects": {
    "fog_color": 3873882,
    "sky_color": 16167638,
    "water_color": 4915330,
    "water_fog_color": 3873882,
    "grass_color": 14071039,
    "foliage_color": 2752591
  },
  "features": [],
  "has_precipitation": true,
  "spawn_costs": {},
  "spawners": {
    "ambient": [],
    "axolotls": [],
    "creature": [],
    "misc": [],
    "monster": [],
    "underground_water_creature": [],
    "water_ambient": [],
    "water_creature": []
  },
  "temperature": 0.6
}
