{
  "format_version": "1.9.0",
  "credit": "Made with Blockbench",
  "texture_size": [736, 1026],
  "textures": {
    "0": "subvirus:block/raziv1",
    "particle": "subvirus:block/myron_empty"
  },
  "elements": [
    {
      "from": [0, 0, 0.05],
      "to": [16, 22.3, 0.05],
      "rotation": {"angle": 0, "axis": "y", "origin": [0, 0.3, 0]},
      "faces": {
        "north": {"uv": [0, 0.01559, 16, 16], "texture": "#0"},
        "east": {"uv": [0.04348, 0.01559, 0.04348, 0.2963], "texture": "#0"},
        "south": {"uv": [0, 0.01559, 16, 16], "texture": "#0"},
        "west": {"uv": [0, 0.01559, 0, 0.2963], "texture": "#0"},
        "up": {"uv": [0, 0, 0.34783, 0], "texture": "#0"},
        "down": {"uv": [0, 0.03119, 0.34783, 0.03119], "texture": "#0"}
      }
    }
  ],
  "display": {
    "thirdperson_righthand": {
      "translation": [0, 3.75, 5.5],
      "scale": [0.5, 0.5, 0.5]
    },
    "thirdperson_lefthand": {
      "translation": [0, 3.75, 5.5],
      "scale": [0.5, 0.5, 0.5]
    },
    "firstperson_righthand": {
      "translation": [8, 2.25, 0]
    },
    "firstperson_lefthand": {
      "translation": [8.5, 2, 0]
    },
    "ground": {
      "rotation": [90, 0, 0],
      "translation": [0, -11.75, 0]
    },
    "gui": {
      "translation": [0, -2, 0],
      "scale": [0.69, 0.69, 0.69]
    },
    "head": {
      "translation": [0, -2.75, 0.75]
    },
    "fixed": {
      "translation": [0, -3, 15.75],
      "scale": [2, 2, 2]
    },
    "on_shelf": {
      "translation": [0, -2, 4.25]
    }
  },
  "render_type": "cutout"
}