{
  "schemaVersion": 1,
  "id": "subvirus",
  "version": "${version}",
  "name": "SubVirus",
  "description": "",
  "authors": ["Subteam!"],
  "contact": {
    "homepage": "https://discord.gg/d5NakNzNKD",
    "sources": "https://github.com/FabricMC/fabric-example-mod"
  },
  "license": "All-Rights-Reserved",
  "icon": "assets/subvirus/textures/icon.png",
  "environment": "*",
  "entrypoints": {
    "fabric-datagen": [
      "com.subworld.subvirus.client.SubVirusDataGenerator"
    ],
    "client": [
      "com.subworld.subvirus.client.SubVirusClient"
    ],
    "main": [
      "com.subworld.subvirus.SubVirus"
    ]
  },
  "mixins": [
    "subvirus.mixins.json"
  ],
  "depends": {
    "fabricloader": ">=${loader_version}",
    "fabric": "*",
    "java": ">=21",
    "minecraft": "${minecraft_version}"
  }
}
